{"cameraMode":{"drawMode":0,"name":"Shaded","section":"Shading Mode"},"sceneLighting":false,"audioPlay":false,"sceneViewState":{"showFog":true,"showMaterialUpdate":false,"showSkybox":true,"showFlares":true,"showImageEffects":true,"showParticleSystems":true},"in2DMode":false,"pivot":{"x":-0.08704769611358643,"y":1.4651072025299073,"z":0.17807388305664063},"rotation":{"x":0.21261392533779145,"y":-0.046881984919309619,"z":0.010213322006165982,"w":0.9759575128555298},"size":7.073439121246338,"orthographic":false}