{"cameraMode":{"drawMode":0,"name":"Shaded","section":"Shading Mode"},"sceneLighting":false,"audioPlay":false,"sceneViewState":{"showFog":true,"showMaterialUpdate":false,"showSkybox":true,"showFlares":true,"showImageEffects":true,"showParticleSystems":true},"in2DMode":false,"pivot":{"x":4.079999923706055,"y":2.0204668045043947,"z":275.0548095703125},"rotation":{"x":0.21261392533779145,"y":-0.046881984919309619,"z":0.010213322006165982,"w":0.9759575128555298},"size":1.8406248092651368,"orthographic":true}